[
  {
    "id": 1752192804443.9465,
    "name": "Signup",
    "filledSchema": {
      "event_name": "Signup",
      "event_type": "USER_EVENT",
      "event_action": "TAP",
      "event_label": "Signup",
      "event_description": "User pressed the signup button.",
      "event_metadata": {}
    }
  },
  {
    "id": 1752192805034.9355,
    "name": "Signup Success",
    "filledSchema": {
      "event_name": "Signup_Success",
      "event_type": "USER_EVENT",
      "event_action": "TAP",
      "event_label": "Signup_Success",
      "event_description": "Successfully signing up.",
      "event_metadata": {
        "email_address": "user@example.com",
        "user_id": "unique_user_id_123",
        "region": "US"
      }
    }
  },
  {
    "id": 1752192805626.1567,
    "name": "Signup Fail",
    "filledSchema": {
      "event_name": "Signup_Fail",
      "event_type": "USER_EVENT",
      "event_action": "TAP",
      "event_label": "Signup_Fail",
      "event_description": "Failed signing up",
      "event_metadata": {
        "error_code": "string",
        "email_address": "string",
        "timestamp": "string"
      }
    }
  },
  {
    "id": 1752192806419.8398,
    "name": "Signup SwichTo Signin",
    "filledSchema": {
      "event_name": "Signup_SwichTo_Signin",
      "event_type": "USER_EVENT",
      "event_action": "TAP",
      "event_label": "Signup_SwichTo_Signin",
      "event_description": "Record when user switches to sign in because account already exists.",
      "event_metadata": {
        "email": "user@example.com",
        "userid": "user123"
      }
    }
  },
  {
    "id": 1752192807049.884,
    "name": "Quote Ready",
    "filledSchema": {
      "event_name": "Quote_Ready",
      "event_type": "USER_EVENT",
      "event_action": "TAP",
      "event_label": "Quote_Ready",
      "event_description": "Record when user gets a quote display on card.",
      "event_metadata": {
        "quote_premium": {
          "initial": "number",
          "monthly": "number"
        },
        "score": "number",
        "estimated_annual_mileage": "number"
      }
    }
  },
  {
    "id": 1752192807705.81,
    "name": "Quote Rejected",
    "filledSchema": {
      "event_name": "Quote_Rejected",
      "event_type": "USER_EVENT",
      "event_action": "TAP",
      "event_label": "Quote_Rejected",
      "event_description": "Recorded when a user fails to get a quote due to reasons like HIGH_RISK_PROFILE or UNVERIFIED_USER.",
      "event_metadata": {
        "user_id": "some_user_id",
        "rejection_reason": "HIGH_RISK_PROFILE"
      }
    }
  }
]